"geo.mean","cell","window","Rank","pct.rank","Outbreak","rnk.med","rnk.low","rnk.high","Risk","rel.Risk","rel.low","rel.med","rel.high"
-3.55156234410954,"24461",1,0.025555033236742,99.0198343387287,"Beni",98.8732099343919,94.9383777054028,99.7708223592607,0.025555033236742,89.5176712904797,33.1054713637978,83.2812182507588,156.825962447985
-3.50460410407069,"24462",1,0.0237746834754944,98.8732099343919,"Beni",98.8732099343919,94.9383777054028,99.7708223592607,0.0237746834754944,83.2812182507588,33.1054713637978,83.2812182507588,156.825962447985
-4.5843122153051,"24793",1,0.00945077557116747,94.9383777054028,"Beni",98.8732099343919,94.9383777054028,99.7708223592607,0.00945077557116747,33.1054713637978,33.1054713637978,83.2812182507588,156.825962447985
-3.49621224800423,"24794",1,0.0250077415257692,98.9797898585527,"Beni",98.8732099343919,94.9383777054028,99.7708223592607,0.0250077415257692,87.6005429099763,33.1054713637978,83.2812182507588,156.825962447985
-3.0954157587947,"24795",1,0.0447698496282101,99.7708223592607,"Beni",98.8732099343919,94.9383777054028,99.7708223592607,0.0447698496282101,156.825962447985,33.1054713637978,83.2812182507588,156.825962447985
-3.44387827521265,"24796",1,0.0298528727144003,99.3173956298829,"Beni",98.8732099343919,94.9383777054028,99.7708223592607,0.0298528727144003,104.572732188116,33.1054713637978,83.2812182507588,156.825962447985
-4.0777073195245,"25125",1,0.0148474806919694,97.273586968591,"Beni",98.8732099343919,94.9383777054028,99.7708223592607,0.0148474806919694,52.0097893734889,33.1054713637978,83.2812182507588,156.825962447985
-3.79375811924758,"25126",1,0.0198167879134417,98.376966414672,"Beni",98.8732099343919,94.9383777054028,99.7708223592607,0.0198167879134417,69.4169594707512,33.1054713637978,83.2812182507588,156.825962447985
-3.87147523688604,"25127",1,0.0180379450321198,98.0510659529318,"Beni",98.8732099343919,94.9383777054028,99.7708223592607,0.0180379450321198,63.1857849364666,33.1054713637978,83.2812182507588,156.825962447985
-6.10648086269581,"25736",1,0.00202304893173277,77.2898511884379,"Bikoro",63.9068318963769,57.131151833361,79.8622469880536,0.00202304893173277,7.08661294226118,2.74649968213721,3.77531970316614,8.15214679552374
-6.78849900951961,"25738",1,0.00107291794847697,63.7994818860588,"Bikoro",63.9068318963769,57.131151833361,79.8622469880536,0.00107291794847697,3.75836397251589,2.74649968213721,3.77531970316614,8.15214679552374
-6.90431289546984,"25739",1,0.000905928143765777,60.1372601567293,"Bikoro",63.9068318963769,57.131151833361,79.8622469880536,0.000905928143765777,3.17340920808594,2.74649968213721,3.77531970316614,8.15214679552374
-6.08448049698296,"26067",1,0.00232723192311823,79.8622469880536,"Bikoro",63.9068318963769,57.131151833361,79.8622469880536,0.00232723192311823,8.15214679552374,2.74649968213721,3.77531970316614,8.15214679552374
-6.6959883466401,"26068",1,0.00121000001672655,66.4861584714076,"Bikoro",63.9068318963769,57.131151833361,79.8622469880536,0.00121000001672655,4.23855382050803,2.74649968213721,3.77531970316614,8.15214679552374
-7.05214051790378,"26069",1,0.000892822339665145,59.8233730390418,"Bikoro",63.9068318963769,57.131151833361,79.8622469880536,0.000892822339665145,3.12750040207464,2.74649968213721,3.77531970316614,8.15214679552374
-6.86226506933051,"26070",1,0.00108259881380945,64.0141819066949,"Bikoro",63.9068318963769,57.131151833361,79.8622469880536,0.00108259881380945,3.79227543381639,2.74649968213721,3.77531970316614,8.15214679552374
-6.79225369801819,"26071",1,0.00113884196616709,65.1123247669069,"Bikoro",63.9068318963769,57.131151833361,79.8622469880536,0.00113884196616709,3.98929165283083,2.74649968213721,3.77531970316614,8.15214679552374
-7.03512588766925,"26399",1,0.000791778205893934,57.3329144065556,"Bikoro",63.9068318963769,57.131151833361,79.8622469880536,0.000791778205893934,2.77354916792959,2.74649968213721,3.77531970316614,8.15214679552374
-6.79697987605666,"26400",1,0.00113661459181458,65.0627312183812,"Bikoro",63.9068318963769,57.131151833361,79.8622469880536,0.00113661459181458,3.98148930081344,2.74649968213721,3.77531970316614,8.15214679552374
-6.91661181932861,"26401",1,0.000973586924374104,61.7033073660749,"Bikoro",63.9068318963769,57.131151833361,79.8622469880536,0.000973586924374104,3.4104136536017,2.74649968213721,3.77531970316614,8.15214679552374
-6.81505462312872,"26402",1,0.00117516494356096,65.8167995835421,"Bikoro",63.9068318963769,57.131151833361,79.8622469880536,0.00117516494356096,4.11652875405129,2.74649968213721,3.77531970316614,8.15214679552374
-6.77596675884198,"26731",1,0.0010071030119434,62.4342731465189,"Bikoro",63.9068318963769,57.131151833361,79.8622469880536,0.0010071030119434,3.5278183966195,2.74649968213721,3.77531970316614,8.15214679552374
-6.25574695440216,"26732",1,0.0018428290495649,75.4428765489342,"Bikoro",63.9068318963769,57.131151833361,79.8622469880536,0.0018428290495649,6.45531405008374,2.74649968213721,3.77531970316614,8.15214679552374
-6.91741572141719,"26733",1,0.000951311783865094,61.1867335718042,"Bikoro",63.9068318963769,57.131151833361,79.8622469880536,0.000951311783865094,3.33238523988131,2.74649968213721,3.77531970316614,8.15214679552374
-7.16080554381092,"26734",1,0.000784056261181831,57.131151833361,"Bikoro",63.9068318963769,57.131151833361,79.8622469880536,0.000784056261181831,2.74649968213721,2.74649968213721,3.77531970316614,8.15214679552374
-6.63644896200958,"27063",1,0.00135818577837199,69.0382239964724,"Bikoro",63.9068318963769,57.131151833361,79.8622469880536,0.00135818577837199,4.75763920685898,2.74649968213721,3.77531970316614,8.15214679552374
-6.91353211206229,"27064",1,0.00107199675403535,63.7803837493595,"Bikoro",63.9068318963769,57.131151833361,79.8622469880536,0.00107199675403535,3.75513708642831,2.74649968213721,3.77531970316614,8.15214679552374
-3.55156234410954,"24461",2,0.0173883587121964,97.9167629271106,"Beni",98.0085571970526,91.6448732281559,99.583537405822,0.0173883587121964,60.910324986053,21.1303417226947,62.4744851235543,127.149604609953
-3.50460410407069,"24462",2,0.0187908355146646,98.2010787363604,"Beni",98.0085571970526,91.6448732281559,99.583537405822,0.0187908355146646,65.8231128596909,21.1303417226947,62.4744851235543,127.149604609953
-4.5843122153051,"24793",2,0.00603217864409089,91.6448732281559,"Beni",98.0085571970526,91.6448732281559,99.583537405822,0.00603217864409089,21.1303417226947,21.1303417226947,62.4744851235543,127.149604609953
-3.49621224800423,"24794",2,0.0199565421789885,98.4016091717034,"Beni",98.0085571970526,91.6448732281559,99.583537405822,0.0199565421789885,69.9065098575092,21.1303417226947,62.4744851235543,127.149604609953
-3.0954157587947,"24795",2,0.0362979993224144,99.583537405822,"Beni",98.0085571970526,91.6448732281559,99.583537405822,0.0362979993224144,127.149604609953,21.1303417226947,62.4744851235543,127.149604609953
-3.44387827521265,"24796",2,0.0297857001423836,99.3124670784766,"Beni",98.0085571970526,91.6448732281559,99.583537405822,0.0297857001423836,104.337430900662,21.1303417226947,62.4744851235543,127.149604609953
-4.0777073195245,"25125",2,0.00924921315163374,94.8053068174332,"Beni",98.0085571970526,91.6448732281559,99.583537405822,0.00924921315163374,32.3994109079503,21.1303417226947,62.4744851235543,127.149604609953
-3.79375811924758,"25126",2,0.0178348869085312,98.0085571970526,"Beni",98.0085571970526,91.6448732281559,99.583537405822,0.0178348869085312,62.4744851235543,21.1303417226947,62.4744851235543,127.149604609953
-3.87147523688604,"25127",2,0.013771079480648,96.9421418865187,"Beni",98.0085571970526,91.6448732281559,99.583537405822,0.013771079480648,48.239223750698,21.1303417226947,62.4744851235543,127.149604609953
-6.10648086269581,"25736",2,0.000575723592191935,50.9781634370823,"Bikoro",37.6712286571354,31.8196519826926,50.9781634370823,0.000575723592191935,2.01672346901562,0.637541171392004,0.952562612353102,2.01672346901562
-6.78849900951961,"25738",2,0.0003142669738736,40.0318507635547,"Bikoro",37.6712286571354,31.8196519826926,50.9781634370823,0.0003142669738736,1.10085740856024,0.637541171392004,0.952562612353102,2.01672346901562
-6.90431289546984,"25739",2,0.000331920280586928,40.9285390850509,"Bikoro",37.6712286571354,31.8196519826926,50.9781634370823,0.000331920280586928,1.16269582970077,0.637541171392004,0.952562612353102,2.01672346901562
-6.08448049698296,"26067",2,0.000526631367392838,49.2870542357896,"Bikoro",37.6712286571354,31.8196519826926,50.9781634370823,0.000526631367392838,1.84475649868253,0.637541171392004,0.952562612353102,2.01672346901562
-6.6959883466401,"26068",2,0.000288901414023712,38.637994818941,"Bikoro",37.6712286571354,31.8196519826926,50.9781634370823,0.000288901414023712,1.01200345060582,0.637541171392004,0.952562612353102,2.01672346901562
-7.05214051790378,"26069",2,0.000207062534173019,33.6201134183317,"Bikoro",37.6712286571354,31.8196519826926,50.9781634370823,0.000207062534173019,0.725327010885045,0.637541171392004,0.952562612353102,2.01672346901562
-6.86226506933051,"26070",2,0.000260081695159897,36.9906265113622,"Bikoro",37.6712286571354,31.8196519826926,50.9781634370823,0.000260081695159897,0.911049791260714,0.637541171392004,0.952562612353102,2.01672346901562
-6.79225369801819,"26071",2,0.000318804784910753,40.2554837836186,"Bikoro",37.6712286571354,31.8196519826926,50.9781634370823,0.000318804784910753,1.11675307471098,0.637541171392004,0.952562612353102,2.01672346901562
-7.03512588766925,"26399",2,0.000209167221328244,33.7713583396147,"Bikoro",37.6712286571354,31.8196519826926,50.9781634370823,0.000209167221328244,0.732699597380443,0.637541171392004,0.952562612353102,2.01672346901562
-6.79697987605666,"26400",2,0.000260836299275979,37.0306709915389,"Bikoro",37.6712286571354,31.8196519826926,50.9781634370823,0.000260836299275979,0.913693121934249,0.637541171392004,0.952562612353102,2.01672346901562
-6.91661181932861,"26401",2,0.000237832486163825,35.6414355638688,"Bikoro",37.6712286571354,31.8196519826926,50.9781634370823,0.000237832486163825,0.833112213996287,0.637541171392004,0.952562612353102,2.01672346901562
-6.81505462312872,"26402",2,0.000281677319435403,38.2298491556011,"Bikoro",37.6712286571354,31.8196519826926,50.9781634370823,0.000281677319435403,0.9866979024292,0.637541171392004,0.952562612353102,2.01672346901562
-6.77596675884198,"26731",2,0.000263181223999709,37.1668222241399,"Bikoro",37.6712286571354,31.8196519826926,50.9781634370823,0.000263181223999709,0.921907245495549,0.637541171392004,0.952562612353102,2.01672346901562
-6.25574695440216,"26732",2,0.000469059217721224,47.098161342436,"Bikoro",37.6712286571354,31.8196519826926,50.9781634370823,0.000469059217721224,1.64308488581294,0.637541171392004,0.952562612353102,2.01672346901562
-6.91741572141719,"26733",2,0.00024892928195186,36.3329729330749,"Bikoro",37.6712286571354,31.8196519826926,50.9781634370823,0.00024892928195186,0.8719835904695,0.637541171392004,0.952562612353102,2.01672346901562
-7.16080554381092,"26734",2,0.000182001895154826,31.8196519826926,"Bikoro",37.6712286571354,31.8196519826926,50.9781634370823,0.000182001895154826,0.637541171392004,0.637541171392004,0.952562612353102,2.01672346901562
-6.63644896200958,"27063",2,0.000280683889286593,38.175635090131,"Bikoro",37.6712286571354,31.8196519826926,50.9781634370823,0.000280683889286593,0.983217979210654,0.637541171392004,0.952562612353102,2.01672346901562
-6.91353211206229,"27064",2,0.000216366228414699,34.2441912401632,"Bikoro",37.6712286571354,31.8196519826926,50.9781634370823,0.000216366228414699,0.757917265618755,0.637541171392004,0.952562612353102,2.01672346901562
-3.55156234410954,"24461",3,0.0117080435156822,96.1175336293554,"Beni",96.0691722186813,86.7979509545419,98.6323269844099,0.0117080435156822,41.0125387504717,13.0587263899,40.5765531231444,75.7374640642802
-3.50460410407069,"24462",3,0.0109955836087465,95.7873206851346,"Beni",96.0691722186813,86.7979509545419,98.6323269844099,0.0109955836087465,38.51683658621,13.0587263899,40.5765531231444,75.7374640642802
-4.5843122153051,"24793",3,0.00372793641872704,86.7979509545419,"Beni",96.0691722186813,86.7979509545419,98.6323269844099,0.00372793641872704,13.0587263899,13.0587263899,40.5765531231444,75.7374640642802
-3.49621224800423,"24794",3,0.0117969429120421,96.1544977649025,"Beni",96.0691722186813,86.7979509545419,98.6323269844099,0.0117969429120421,41.3239477346646,13.0587263899,40.5765531231444,75.7374640642802
-3.0954157587947,"24795",3,0.0216211322695017,98.6323269844099,"Beni",96.0691722186813,86.7979509545419,98.6323269844099,0.0216211322695017,75.7374640642802,13.0587263899,40.5765531231444,75.7374640642802
-3.44387827521265,"24796",3,0.0168306138366461,97.7963214521196,"Beni",96.0691722186813,86.7979509545419,98.6323269844099,0.0168306138366461,58.9565798286539,13.0587263899,40.5765531231444,75.7374640642802
-4.0777073195245,"25125",3,0.00535024190321565,90.5873909170458,"Beni",96.0691722186813,86.7979509545419,98.6323269844099,0.00535024190321565,18.7415602859794,13.0587263899,40.5765531231444,75.7374640642802
-3.79375811924758,"25126",3,0.011583580635488,96.0691722186813,"Beni",96.0691722186813,86.7979509545419,98.6323269844099,0.011583580635488,40.5765531231444,13.0587263899,40.5765531231444,75.7374640642802
-3.87147523688604,"25127",3,0.00929236970841885,94.8370343671112,"Beni",96.0691722186813,86.7979509545419,98.6323269844099,0.00929236970841885,32.5505856072171,13.0587263899,40.5765531231444,75.7374640642802
-6.10648086269581,"25736",3,0.00212527601979673,78.2275080934829,"Bikoro",64.6542775205857,56.4353019816867,78.7440818877537,0.00212527601979673,7.44470799075969,2.65737984149239,3.90759797282014,7.65315431089238
-6.78849900951961,"25738",3,0.00122062035370618,66.6910013892311,"Bikoro",64.6542775205857,56.4353019816867,78.7440818877537,0.00122062035370618,4.27575619179548,2.65737984149239,3.90759797282014,7.65315431089238
-6.90431289546984,"25739",3,0.00106479995884001,63.6266745523761,"Bikoro",64.6542775205857,56.4353019816867,78.7440818877537,0.00106479995884001,3.72992716630521,2.65737984149239,3.90759797282014,7.65315431089238
-6.08448049698296,"26067",3,0.00218478217720985,78.7440818877537,"Bikoro",64.6542775205857,56.4353019816867,78.7440818877537,0.00218478217720985,7.65315431089238,2.65737984149239,3.90759797282014,7.65315431089238
-6.6959883466401,"26068",3,0.00115516094956547,65.4326806083151,"Bikoro",64.6542775205857,56.4353019816867,78.7440818877537,0.00115516094956547,4.04645602347037,2.65737984149239,3.90759797282014,7.65315431089238
-7.05214051790378,"26069",3,0.000865482725203037,59.1734203223386,"Bikoro",64.6542775205857,56.4353019816867,78.7440818877537,0.000865482725203037,3.03173145519224,2.65737984149239,3.90759797282014,7.65315431089238
-6.86226506933051,"26070",3,0.00116987677756697,65.7123759006215,"Bikoro",64.6542775205857,56.4353019816867,78.7440818877537,0.00116987677756697,4.09800464176414,2.65737984149239,3.90759797282014,7.65315431089238
-6.79225369801819,"26071",3,0.00126515666488558,67.5057525435819,"Bikoro",64.6542775205857,56.4353019816867,78.7440818877537,0.00126515666488558,4.43176408377176,2.65737984149239,3.90759797282014,7.65315431089238
-7.03512588766925,"26399",3,0.000922888109926134,60.5373969240267,"Bikoro",64.6542775205857,56.4353019816867,78.7440818877537,0.000922888109926134,3.23281890095449,2.65737984149239,3.90759797282014,7.65315431089238
-6.79697987605666,"26400",3,0.00104300468228757,63.1843370636624,"Bikoro",64.6542775205857,56.4353019816867,78.7440818877537,0.00104300468228757,3.65357968579005,2.65737984149239,3.90759797282014,7.65315431089238
-6.91661181932861,"26401",3,0.00105130136944354,63.3552961905677,"Bikoro",64.6542775205857,56.4353019816867,78.7440818877537,0.00105130136944354,3.68264245815067,2.65737984149239,3.90759797282014,7.65315431089238
-6.81505462312872,"26402",3,0.00109080772381276,64.1694312759928,"Bikoro",64.6542775205857,56.4353019816867,78.7440818877537,0.00109080772381276,3.82103072834179,2.65737984149239,3.90759797282014,7.65315431089238
-6.77596675884198,"26731",3,0.00114023324567825,65.1391237651785,"Bikoro",64.6542775205857,56.4353019816867,78.7440818877537,0.00114023324567825,3.9941652172985,2.65737984149239,3.90759797282014,7.65315431089238
-6.25574695440216,"26732",3,0.00194381561595947,76.5290060650932,"Bikoro",64.6542775205857,56.4353019816867,78.7440818877537,0.00194381561595947,6.80906362933553,2.65737984149239,3.90759797282014,7.65315431089238
-6.91741572141719,"26733",3,0.000938345736358315,60.900569555777,"Bikoro",64.6542775205857,56.4353019816867,78.7440818877537,0.000938345736358315,3.28696599241268,2.65737984149239,3.90759797282014,7.65315431089238
-7.16080554381092,"26734",3,0.000758614798542112,56.4353019816867,"Bikoro",64.6542775205857,56.4353019816867,78.7440818877537,0.000758614798542112,2.65737984149239,2.65737984149239,3.90759797282014,7.65315431089238
-6.63644896200958,"27063",3,0.00116715300828218,65.66216628317,"Bikoro",64.6542775205857,56.4353019816867,78.7440818877537,0.00116715300828218,4.0884634495752,2.65737984149239,3.90759797282014,7.65315431089238
-6.91353211206229,"27064",3,0.000842162349727005,58.6118734964854,"Bikoro",64.6542775205857,56.4353019816867,78.7440818877537,0.000842162349727005,2.95004164923916,2.65737984149239,3.90759797282014,7.65315431089238
-3.55156234410954,"24461",4,0.0238089542835951,98.8769063479466,"Beni",98.8359377643819,94.5040491127244,99.5200823064662,0.0238089542835951,83.4012667322456,30.8589714212694,82.0628100064294,121.055325406397
-3.50460410407069,"24462",4,0.0329143516719341,99.4627878963681,"Beni",98.8359377643819,94.5040491127244,99.5200823064662,0.0329143516719341,115.296900082728,30.8589714212694,82.0628100064294,121.055325406397
-4.5843122153051,"24793",4,0.00880945660173893,94.5040491127244,"Beni",98.8359377643819,94.5040491127244,99.5200823064662,0.00880945660173893,30.8589714212694,30.8589714212694,82.0628100064294,121.055325406397
-3.49621224800423,"24794",4,0.0234268587082624,98.8359377643819,"Beni",98.8359377643819,94.5040491127244,99.5200823064662,0.0234268587082624,82.0628100064294,30.8589714212694,82.0628100064294,121.055325406397
-3.0954157587947,"24795",4,0.0345582365989685,99.5200823064662,"Beni",98.8359377643819,94.5040491127244,99.5200823064662,0.0345582365989685,121.055325406397,30.8589714212694,82.0628100064294,121.055325406397
-3.44387827521265,"24796",4,0.0265855044126511,99.1026956092468,"Beni",98.8359377643819,94.5040491127244,99.5200823064662,0.0265855044126511,93.1273468931204,30.8589714212694,82.0628100064294,121.055325406397
-4.0777073195245,"25125",4,0.0159081779420376,97.568992018505,"Beni",98.8359377643819,94.5040491127244,99.5200823064662,0.0159081779420376,55.7253450094645,30.8589714212694,82.0628100064294,121.055325406397
-3.79375811924758,"25126",4,0.0130702825263143,96.6787724207456,"Beni",98.8359377643819,94.5040491127244,99.5200823064662,0.0130702825263143,45.7843761745569,30.8589714212694,82.0628100064294,121.055325406397
-3.87147523688604,"25127",4,0.0186011977493763,98.1668869109793,"Beni",98.8359377643819,94.5040491127244,99.5200823064662,0.0186011977493763,65.158823716332,30.8589714212694,82.0628100064294,121.055325406397
-6.10648086269581,"25736",4,0.00433899043127894,88.5127788094647,"Bikoro",77.1025662349992,67.4259716176928,88.5127788094647,0.00433899043127894,15.1992100953841,4.41492742941844,7.01717433374094,15.1992100953841
-6.78849900951961,"25738",4,0.00251007615588605,81.1458265949268,"Bikoro",77.1025662349992,67.4259716176928,88.5127788094647,0.00251007615588605,8.79263862250116,4.41492742941844,7.01717433374094,15.1992100953841
-6.90431289546984,"25739",4,0.00227777007967234,79.4842887020845,"Bikoro",77.1025662349992,67.4259716176928,88.5127788094647,0.00227777007967234,7.97888507435935,4.41492742941844,7.01717433374094,15.1992100953841
-6.08448049698296,"26067",4,0.00368849863298237,86.6627238253321,"Bikoro",77.1025662349992,67.4259716176928,88.5127788094647,0.00368849863298237,12.9205783112804,4.41492742941844,7.01717433374094,15.1992100953841
-6.6959883466401,"26068",4,0.00221131206490099,78.958165839464,"Bikoro",77.1025662349992,67.4259716176928,88.5127788094647,0.00221131206490099,7.74608683591428,4.41492742941844,7.01717433374094,15.1992100953841
-7.05214051790378,"26069",4,0.00158836436457932,72.3794738154679,"Bikoro",77.1025662349992,67.4259716176928,88.5127788094647,0.00158836436457932,5.5639402915545,4.41492742941844,7.01717433374094,15.1992100953841
-6.86226506933051,"26070",4,0.00219926936551929,78.8595948113384,"Bikoro",77.1025662349992,67.4259716176928,88.5127788094647,0.00219926936551929,7.70390201875067,4.41492742941844,7.01717433374094,15.1992100953841
-6.79225369801819,"26071",4,0.00247858464717865,80.9317426432165,"Bikoro",77.1025662349992,67.4259716176928,88.5127788094647,0.00247858464717865,8.68232585167457,4.41492742941844,7.01717433374094,15.1992100953841
-7.03512588766925,"26399",4,0.00179121235851198,74.8834859643213,"Bikoro",77.1025662349992,67.4259716176928,88.5127788094647,0.00179121235851198,6.27450403352177,4.41492742941844,7.01717433374094,15.1992100953841
-6.79697987605666,"26400",4,0.00184529053512961,75.4678273404285,"Bikoro",77.1025662349992,67.4259716176928,88.5127788094647,0.00184529053512961,6.46393647892688,4.41492742941844,7.01717433374094,15.1992100953841
-6.91661181932861,"26401",4,0.00195180624723434,76.6198762316465,"Bikoro",77.1025662349992,67.4259716176928,88.5127788094647,0.00195180624723434,6.83705430722828,4.41492742941844,7.01717433374094,15.1992100953841
-6.81505462312872,"26402",4,0.00182101991958916,75.2059980469698,"Bikoro",77.1025662349992,67.4259716176928,88.5127788094647,0.00182101991958916,6.37891804189963,4.41492742941844,7.01717433374094,15.1992100953841
-6.77596675884198,"26731",4,0.00205464567989111,77.5852562383519,"Bikoro",77.1025662349992,67.4259716176928,88.5127788094647,0.00205464567989111,7.1972943602536,4.41492742941844,7.01717433374094,15.1992100953841
-6.25574695440216,"26732",4,0.0037206111010164,86.7711519562703,"Bikoro",77.1025662349992,67.4259716176928,88.5127788094647,0.0037206111010164,13.0330662635036,4.41492742941844,7.01717433374094,15.1992100953841
-6.91741572141719,"26733",4,0.00164069223683327,73.0605380129233,"Bikoro",77.1025662349992,67.4259716176928,88.5127788094647,0.00164069223683327,5.74724153105454,4.41492742941844,7.01717433374094,15.1992100953841
-7.16080554381092,"26734",4,0.00126035022549331,67.4259716176928,"Bikoro",77.1025662349992,67.4259716176928,88.5127788094647,0.00126035022549331,4.41492742941844,4.41492742941844,7.01717433374094,15.1992100953841
-6.63644896200958,"27063",4,0.00184102915227413,75.4210061020688,"Bikoro",77.1025662349992,67.4259716176928,88.5127788094647,0.00184102915227413,6.44900912327974,4.41492742941844,7.01717433374094,15.1992100953841
-6.91353211206229,"27064",4,0.00135584746021777,68.9960232750561,"Bikoro",77.1025662349992,67.4259716176928,88.5127788094647,0.00135584746021777,4.74944822569443,4.41492742941844,7.01717433374094,15.1992100953841
-3.55156234410954,"24461",5,0.0371701680123806,99.6072560594647,"Beni",99.5163858929114,96.7499283816738,99.9353127624453,0.0371701680123806,130.20475657845,46.48766362075,120.711198170646,232.831494986742
-3.50460410407069,"24462",5,0.0344599969685078,99.5163858929114,"Beni",99.5163858929114,96.7499283816738,99.9353127624453,0.0344599969685078,120.711198170646,46.48766362075,120.711198170646,232.831494986742
-4.5843122153051,"24793",5,0.0132710533216596,96.7499283816738,"Beni",99.5163858929114,96.7499283816738,99.9353127624453,0.0132710533216596,46.48766362075,46.48766362075,120.711198170646,232.831494986742
-3.49621224800423,"24794",5,0.0411602556705475,99.7042869152759,"Beni",99.5163858929114,96.7499283816738,99.9353127624453,0.0411602556705475,144.181782242828,46.48766362075,120.711198170646,232.831494986742
-3.0954157587947,"24795",5,0.0664675086736679,99.9353127624453,"Beni",99.5163858929114,96.7499283816738,99.9353127624453,0.0664675086736679,232.831494986742,46.48766362075,120.711198170646,232.831494986742
-3.44387827521265,"24796",5,0.0505222678184509,99.8410542168001,"Beni",99.5163858929114,96.7499283816738,99.9353127624453,0.0505222678184509,176.976320927621,46.48766362075,120.711198170646,232.831494986742
-4.0777073195245,"25125",5,0.0222600661218166,98.7068713244299,"Beni",99.5163858929114,96.7499283816738,99.9353127624453,0.0222600661218166,77.9756090918381,46.48766362075,120.711198170646,232.831494986742
-3.79375811924758,"25126",5,0.0327395312488079,99.4563191726474,"Beni",99.5163858929114,96.7499283816738,99.9353127624453,0.0327395312488079,114.684515155372,46.48766362075,120.711198170646,232.831494986742
-3.87147523688604,"25127",5,0.0341732650995255,99.5096091347278,"Beni",99.5163858929114,96.7499283816738,99.9353127624453,0.0341732650995255,119.706794499624,46.48766362075,120.711198170646,232.831494986742
-6.10648086269581,"25736",5,0.00463624065741897,89.2070884888244,"Bikoro",79.0481119026286,71.9765647380044,89.2070884888244,0.00463624065741897,16.2404589088024,5.45842238065685,7.79066174272268,16.2404589088024
-6.78849900951961,"25738",5,0.00264067365787923,81.9377831990235,"Bikoro",79.0481119026286,71.9765647380044,89.2070884888244,0.00264067365787923,9.25011344346812,5.45842238065685,7.79066174272268,16.2404589088024
-6.90431289546984,"25739",5,0.00230955216102302,79.7304082379356,"Bikoro",79.0481119026286,71.9765647380044,89.2070884888244,0.00230955216102302,8.09021570284733,5.45842238065685,7.79066174272268,16.2404589088024
-6.08448049698296,"26067",5,0.0044492082670331,88.7749161373862,"Bikoro",79.0481119026286,71.9765647380044,89.2070884888244,0.0044492082670331,15.5852962295709,5.45842238065685,7.79066174272268,16.2404589088024
-6.6959883466401,"26068",5,0.00245039723813534,80.7450737587036,"Bikoro",79.0481119026286,71.9765647380044,89.2070884888244,0.00245039723813534,8.58358713379094,5.45842238065685,7.79066174272268,16.2404589088024
-7.05214051790378,"26069",5,0.00181973131839186,75.1884400825849,"Bikoro",79.0481119026286,71.9765647380044,89.2070884888244,0.00181973131839186,6.37440415309597,5.45842238065685,7.79066174272268,16.2404589088024
-6.86226506933051,"26070",5,0.00238167145289481,80.268236410146,"Bikoro",79.0481119026286,71.9765647380044,89.2070884888244,0.00238167145289481,8.34284503827698,5.45842238065685,7.79066174272268,16.2404589088024
-6.79225369801819,"26071",5,0.0026807370595634,82.1808223902458,"Bikoro",79.0481119026286,71.9765647380044,89.2070884888244,0.0026807370595634,9.39045301530578,5.45842238065685,7.79066174272268,16.2404589088024
-7.03512588766925,"26399",5,0.00175346760079265,74.4466930959397,"Bikoro",79.0481119026286,71.9765647380044,89.2070884888244,0.00175346760079265,6.14228652540284,5.45842238065685,7.79066174272268,16.2404589088024
-6.79697987605666,"26400",5,0.00215991190634668,78.5278416948031,"Bikoro",79.0481119026286,71.9765647380044,89.2070884888244,0.00215991190634668,7.5660353190519,5.45842238065685,7.79066174272268,16.2404589088024
-6.91661181932861,"26401",5,0.00209882552735507,77.9789242819286,"Bikoro",79.0481119026286,71.9765647380044,89.2070884888244,0.00209882552735507,7.35205358229431,5.45842238065685,7.79066174272268,16.2404589088024
-6.81505462312872,"26402",5,0.00228816224262118,79.5683821104541,"Bikoro",79.0481119026286,71.9765647380044,89.2070884888244,0.00228816224262118,8.01528816639346,5.45842238065685,7.79066174272268,16.2404589088024
-6.77596675884198,"26731",5,0.00215676636435091,78.5044310756232,"Bikoro",79.0481119026286,71.9765647380044,89.2070884888244,0.00215676636435091,7.5550166836309,5.45842238065685,7.79066174272268,16.2404589088024
-6.25574695440216,"26732",5,0.00359766953624785,86.3571536381427,"Bikoro",79.0481119026286,71.9765647380044,89.2070884888244,0.00359766953624785,12.6024097082593,5.45842238065685,7.79066174272268,16.2404589088024
-6.91741572141719,"26733",5,0.00194109638687223,76.50097492897,"Bikoro",79.0481119026286,71.9765647380044,89.2070884888244,0.00194109638687223,6.79953834117255,5.45842238065685,7.79066174272268,16.2404589088024
-7.16080554381092,"26734",5,0.00155824166722596,71.9765647380044,"Bikoro",79.0481119026286,71.9765647380044,89.2070884888244,0.00155824166722596,5.45842238065685,5.45842238065685,7.79066174272268,16.2404589088024
-6.63644896200958,"27063",5,0.00205203401856124,77.5652339982639,"Bikoro",79.0481119026286,71.9765647380044,89.2070884888244,0.00205203401856124,7.18814587516719,5.45842238065685,7.79066174272268,16.2404589088024
-6.91353211206229,"27064",5,0.00168214330915362,73.5952858405047,"Bikoro",79.0481119026286,71.9765647380044,89.2070884888244,0.00168214330915362,5.89244202569821,5.45842238065685,7.79066174272268,16.2404589088024
-3.55156234410954,"24461",6,0.0641975253820419,99.9276119008729,"Beni",99.9208351426893,98.8313172474385,99.9895268279143,0.0641975253820419,224.879886540289,81.8998288107633,219.304271062498,373.249396191228
-3.50460410407069,"24462",6,0.0626058280467987,99.9208351426893,"Beni",99.9208351426893,98.8313172474385,99.9895268279143,0.0626058280467987,219.304271062498,81.8998288107633,219.304271062498,373.249396191228
-4.5843122153051,"24793",6,0.0233803316950798,98.8313172474385,"Beni",99.9208351426893,98.8313172474385,99.9895268279143,0.0233803316950798,81.8998288107633,81.8998288107633,219.304271062498,373.249396191228
-3.49621224800423,"24794",6,0.0708282589912415,99.9479421754238,"Beni",99.9208351426893,98.8313172474385,99.9895268279143,0.0708282589912415,248.106928592797,81.8998288107633,219.304271062498,373.249396191228
-3.0954157587947,"24795",6,0.106553271412849,99.9895268279143,"Beni",99.9208351426893,98.8313172474385,99.9895268279143,0.106553271412849,373.249396191228,81.8998288107633,219.304271062498,373.249396191228
-3.44387827521265,"24796",6,0.0847986042499542,99.9756652770842,"Beni",99.9208351426893,98.8313172474385,99.9895268279143,0.0847986042499542,297.044167808981,81.8998288107633,219.304271062498,373.249396191228
-4.0777073195245,"25125",6,0.0399313010275364,99.6811843305589,"Beni",99.9208351426893,98.8313172474385,99.9895268279143,0.0399313010275364,139.876831560713,81.8998288107633,219.304271062498,373.249396191228
-3.79375811924758,"25126",6,0.0546674579381943,99.875862111107,"Beni",99.9208351426893,98.8313172474385,99.9895268279143,0.0546674579381943,191.49666074241,81.8998288107633,219.304271062498,373.249396191228
-3.87147523688604,"25127",6,0.0496224537491798,99.8321212173763,"Beni",99.9208351426893,98.8313172474385,99.9895268279143,0.0496224537491798,173.824328937262,81.8998288107633,219.304271062498,373.249396191228
-6.10648086269581,"25736",6,0.00401747273281217,87.6684563466762,"Bikoro",73.7999747410968,61.6090488204298,87.6684563466762,0.00401747273281217,14.072953855418,3.39676453306659,5.9522352502697,14.072953855418
-6.78849900951961,"25738",6,0.00190136802848428,76.0724989910865,"Bikoro",73.7999747410968,61.6090488204298,87.6684563466762,0.00190136802848428,6.66037240489158,3.39676453306659,5.9522352502697,14.072953855418
-6.90431289546984,"25739",6,0.0017459342489019,74.359827377404,"Bikoro",73.7999747410968,61.6090488204298,87.6684563466762,0.0017459342489019,6.11589766838107,3.39676453306659,5.9522352502697,14.072953855418
-6.08448049698296,"26067",6,0.0037738187238574,86.9424191176385,"Bikoro",73.7999747410968,61.6090488204298,87.6684563466762,0.0037738187238574,13.2194492138799,3.39676453306659,5.9522352502697,14.072953855418
-6.6959883466401,"26068",6,0.0020885115955025,77.89175052893,"Bikoro",73.7999747410968,61.6090488204298,87.6684563466762,0.0020885115955025,7.31592452886134,3.39676453306659,5.9522352502697,14.072953855418
-7.05214051790378,"26069",6,0.00157529104035348,72.2152914467462,"Bikoro",73.7999747410968,61.6090488204298,87.6684563466762,0.00157529104035348,5.51814526049814,3.39676453306659,5.9522352502697,14.072953855418
-6.86226506933051,"26070",6,0.00170737307053059,73.8977756830652,"Bikoro",73.7999747410968,61.6090488204298,87.6684563466762,0.00170737307053059,5.98082029015823,3.39676453306659,5.9522352502697,14.072953855418
-6.79225369801819,"26071",6,0.00186911737546325,75.7287325304984,"Bikoro",73.7999747410968,61.6090488204298,87.6684563466762,0.00186911737546325,6.54740039936549,3.39676453306659,5.9522352502697,14.072953855418
-7.03512588766925,"26399",6,0.000969690445344895,61.6090488204298,"Bikoro",73.7999747410968,61.6090488204298,87.6684563466762,0.000969690445344895,3.39676453306659,3.39676453306659,5.9522352502697,14.072953855418
-6.79697987605666,"26400",6,0.00169105245731771,73.7021737991284,"Bikoro",73.7999747410968,61.6090488204298,87.6684563466762,0.00169105245731771,5.92365021038117,3.39676453306659,5.9522352502697,14.072953855418
-6.91661181932861,"26401",6,0.00132236175704747,68.4668200678067,"Bikoro",73.7999747410968,61.6090488204298,87.6684563466762,0.00132236175704747,4.63214991731188,3.39676453306659,5.9522352502697,14.072953855418
-6.81505462312872,"26402",6,0.00190083112102002,76.0647981295142,"Bikoro",73.7999747410968,61.6090488204298,87.6684563466762,0.00190083112102002,6.65849165187301,3.39676453306659,5.9522352502697,14.072953855418
-6.77596675884198,"26731",6,0.00123178027570248,66.8927639624257,"Bikoro",73.7999747410968,61.6090488204298,87.6684563466762,0.00123178027570248,4.31484869539886,3.39676453306659,5.9522352502697,14.072953855418
-6.25574695440216,"26732",6,0.00224700197577477,79.2427896831767,"Bikoro",73.7999747410968,61.6090488204298,87.6684563466762,0.00224700197577477,7.87110634500227,3.39676453306659,5.9522352502697,14.072953855418
-6.91741572141719,"26733",6,0.00135585607495159,68.996331309519,"Bikoro",73.7999747410968,61.6090488204298,87.6684563466762,0.00135585607495159,4.74947840256419,3.39676453306659,5.9522352502697,14.072953855418
-7.16080554381092,"26734",6,0.00113787117879838,65.0895302166528,"Bikoro",73.7999747410968,61.6090488204298,87.6684563466762,0.00113787117879838,3.98589104584431,3.39676453306659,5.9522352502697,14.072953855418
-6.63644896200958,"27063",6,0.00149284512735903,71.0857290713192,"Bikoro",73.7999747410968,61.6090488204298,87.6684563466762,0.00149284512735903,5.22934242192194,3.39676453306659,5.9522352502697,14.072953855418
-6.91353211206229,"27064",6,0.0012317713117227,66.8924559279628,"Bikoro",73.7999747410968,61.6090488204298,87.6684563466762,0.0012317713117227,4.31481729514248,3.39676453306659,5.9522352502697,14.072953855418
-3.55156234410954,"24461",7,0.0638216733932495,99.9257636940956,"Beni",99.9063575229334,98.6911615668224,99.9796697251018,0.0638216733932495,223.563300704735,77.4694532707964,209.045675177043,312.318244271488
-3.50460410407069,"24462",7,0.0596772581338882,99.9063575229334,"Beni",99.9063575229334,98.6911615668224,99.9796697251018,0.0596772581338882,209.045675177043,77.4694532707964,209.045675177043,312.318244271488
-4.5843122153051,"24793",7,0.022115571424365,98.6911615668224,"Beni",99.9063575229334,98.6911615668224,99.9796697251018,0.022115571424365,77.4694532707964,77.4694532707964,209.045675177043,312.318244271488
-3.49621224800423,"24794",7,0.0743580162525177,99.9565671403848,"Beni",99.9063575229334,98.6911615668224,99.9796697251018,0.0743580162525177,260.471445880758,77.4694532707964,209.045675177043,312.318244271488
-3.0954157587947,"24795",7,0.0891589671373367,99.9796697251018,"Beni",99.9063575229334,98.6911615668224,99.9796697251018,0.0891589671373367,312.318244271488,77.4694532707964,209.045675177043,312.318244271488
-3.44387827521265,"24796",7,0.0624546743929386,99.9199110393006,"Beni",99.9063575229334,98.6911615668224,99.9796697251018,0.0624546743929386,218.774789336716,77.4694532707964,209.045675177043,312.318244271488
-4.0777073195245,"25125",7,0.0371174737811089,99.6038676803729,"Beni",99.9063575229334,98.6911615668224,99.9796697251018,0.0371174737811089,130.020172006394,77.4694532707964,209.045675177043,312.318244271488
-3.79375811924758,"25126",7,0.0589077733457088,99.90173700599,"Beni",99.9063575229334,98.6911615668224,99.9796697251018,0.0589077733457088,206.350218446733,77.4694532707964,209.045675177043,312.318244271488
-3.87147523688604,"25127",7,0.0427164882421494,99.7378626717312,"Beni",99.9063575229334,98.6911615668224,99.9796697251018,0.0427164882421494,149.6331668881,77.4694532707964,209.045675177043,312.318244271488
-6.10648086269581,"25736",7,0.00238591874949634,80.3011960976755,"Bikoro",64.7531565831741,57.5423778413226,80.6461946961151,0.00238591874949634,8.3577230506641,2.80163506608033,3.92596651110977,8.53157036622021
-6.78849900951961,"25738",7,0.00113416672684252,65.0112894630781,"Bikoro",64.7531565831741,57.5423778413226,80.6461946961151,0.00113416672684252,3.97291458404818,2.80163506608033,3.92596651110977,8.53157036622021
-6.90431289546984,"25739",7,0.000970368564594537,61.6262987503518,"Bikoro",64.7531565831741,57.5423778413226,80.6461946961151,0.000970368564594537,3.39913994207204,2.80163506608033,3.92596651110977,8.53157036622021
-6.08448049698296,"26067",7,0.00243554776534438,80.6461946961151,"Bikoro",64.7531565831741,57.5423778413226,80.6461946961151,0.00243554776534438,8.53157036622021,2.80163506608033,3.92596651110977,8.53157036622021
-6.6959883466401,"26068",7,0.00125928258057684,67.4068734809934,"Bikoro",64.7531565831741,57.5423778413226,80.6461946961151,0.00125928258057684,4.41118753654479,2.80163506608033,3.92596651110977,8.53157036622021
-7.05214051790378,"26069",7,0.000902398547623307,60.0500864037307,"Bikoro",64.7531565831741,57.5423778413226,80.6461946961151,0.000902398547623307,3.161045255187,2.80163506608033,3.92596651110977,8.53157036622021
-6.86226506933051,"26070",7,0.00109436840284616,64.2301140651826,"Bikoro",64.7531565831741,57.5423778413226,80.6461946961151,0.00109436840284616,3.83350356264921,2.80163506608033,3.92596651110977,8.53157036622021
-6.79225369801819,"26071",7,0.00112077163066715,64.753464617637,"Bikoro",64.7531565831741,57.5423778413226,80.6461946961151,0.00112077163066715,3.9259924061264,2.80163506608033,3.92596651110977,8.53157036622021
-7.03512588766925,"26399",7,0.000839234504383057,58.5401014666315,"Bikoro",64.7531565831741,57.5423778413226,80.6461946961151,0.000839234504383057,2.93978559147313,2.80163506608033,3.92596651110977,8.53157036622021
-6.79697987605666,"26400",7,0.00115855690091848,65.4964437421339,"Bikoro",64.7531565831741,57.5423778413226,80.6461946961151,0.00115855690091848,4.05835182709235,2.80163506608033,3.92596651110977,8.53157036622021
-6.91661181932861,"26401",7,0.00102243921719491,62.7460040229663,"Bikoro",64.7531565831741,57.5423778413226,80.6461946961151,0.00102243921719491,3.58154015733217,2.80163506608033,3.92596651110977,8.53157036622021
-6.81505462312872,"26402",7,0.00112783710937947,64.8930042293274,"Bikoro",64.7531565831741,57.5423778413226,80.6461946961151,0.00112783710937947,3.95074233288329,2.80163506608033,3.92596651110977,8.53157036622021
-6.77596675884198,"26731",7,0.00112075684592128,64.7528485487113,"Bikoro",64.7531565831741,57.5423778413226,80.6461946961151,0.00112075684592128,3.92594061609315,2.80163506608033,3.92596651110977,8.53157036622021
-6.25574695440216,"26732",7,0.00176022143568844,74.5270900907547,"Bikoro",64.7531565831741,57.5423778413226,80.6461946961151,0.00176022143568844,6.16594478350607,2.80163506608033,3.92596651110977,8.53157036622021
-6.91741572141719,"26733",7,0.00100395944900811,62.365273426831,"Bikoro",64.7531565831741,57.5423778413226,80.6461946961151,0.00100395944900811,3.51680669372264,2.80163506608033,3.92596651110977,8.53157036622021
-7.16080554381092,"26734",7,0.000799796020146459,57.5423778413226,"Bikoro",64.7531565831741,57.5423778413226,80.6461946961151,0.000799796020146459,2.80163506608033,2.80163506608033,3.92596651110977,8.53157036622021
-6.63644896200958,"27063",7,0.00129682151600718,68.0657591971206,"Bikoro",64.7531565831741,57.5423778413226,80.6461946961151,0.00129682151600718,4.54268406215357,2.80163506608033,3.92596651110977,8.53157036622021
-6.91353211206229,"27064",7,0.00104171840939671,63.1612344789454,"Bikoro",64.7531565831741,57.5423778413226,80.6461946961151,0.00104171840939671,3.64907395289714,2.80163506608033,3.92596651110977,8.53157036622021
-3.55156234410954,"24461",8,0.00816092453896999,93.9840869393617,"Beni",92.619186234285,84.0644531308336,95.385027676597,0.00816092453896999,28.5872044672426,10.6486286648529,23.7924521963189,35.7076049009609
-3.50460410407069,"24462",8,0.00877746101468801,94.4818706313961,"Beni",92.619186234285,84.0644531308336,95.385027676597,0.00877746101468801,30.7468928957658,10.6486286648529,23.7924521963189,35.7076049009609
-4.5843122153051,"24793",8,0.00303991441614926,84.0644531308336,"Beni",92.619186234285,84.0644531308336,95.385027676597,0.00303991441614926,10.6486286648529,10.6486286648529,23.7924521963189,35.7076049009609
-3.49621224800423,"24794",8,0.00825932621955872,94.0691044511201,"Beni",92.619186234285,84.0644531308336,95.385027676597,0.00825932621955872,28.9318993543816,10.6486286648529,23.7924521963189,35.7076049009609
-3.0954157587947,"24795",8,0.0101936189457774,95.385027676597,"Beni",92.619186234285,84.0644531308336,95.385027676597,0.0101936189457774,35.7076049009609,10.6486286648529,23.7924521963189,35.7076049009609
-3.44387827521265,"24796",8,0.00679214391857386,92.619186234285,"Beni",92.619186234285,84.0644531308336,95.385027676597,0.00679214391857386,23.7924521963189,10.6486286648529,23.7924521963189,35.7076049009609
-4.0777073195245,"25125",8,0.00542930606752634,90.7229260807186,"Beni",92.619186234285,84.0644531308336,95.385027676597,0.00542930606752634,19.0185170719892,10.6486286648529,23.7924521963189,35.7076049009609
-3.79375811924758,"25126",8,0.00519380951300263,90.3295660716048,"Beni",92.619186234285,84.0644531308336,95.385027676597,0.00519380951300263,18.193587479349,10.6486286648529,23.7924521963189,35.7076049009609
-3.87147523688604,"25127",8,0.00488795200362802,89.7359836616109,"Beni",92.619186234285,84.0644531308336,95.385027676597,0.00488795200362802,17.1221878950762,10.6486286648529,23.7924521963189,35.7076049009609
-6.10648086269581,"25736",8,0.000506123760715127,48.5098832858978,"Bikoro",39.0837206867545,31.3036942573383,54.3711630458438,0.000506123760715127,1.77291964460674,0.614530186755538,1.0394061892825,2.40000417380275
-6.78849900951961,"25738",8,0.000214790939935483,34.1379193504633,"Bikoro",39.0837206867545,31.3036942573383,54.3711630458438,0.000214790939935483,0.752399129329759,0.614530186755538,1.0394061892825,2.40000417380275
-6.90431289546984,"25739",8,0.000175432840478607,31.3036942573383,"Bikoro",39.0837206867545,31.3036942573383,54.3711630458438,0.000175432840478607,0.614530186755538,0.614530186755538,1.0394061892825,2.40000417380275
-6.08448049698296,"26067",8,0.000685140548739582,54.3711630458438,"Bikoro",39.0837206867545,31.3036942573383,54.3711630458438,0.000685140548739582,2.40000417380275,0.614530186755538,1.0394061892825,2.40000417380275
-6.6959883466401,"26068",8,0.000319246610160917,40.281666712965,"Bikoro",39.0837206867545,31.3036942573383,54.3711630458438,0.000319246610160917,1.11830076072436,0.614530186755538,1.0394061892825,2.40000417380275
-7.05214051790378,"26069",8,0.000188397592864931,32.3069625029973,"Bikoro",39.0837206867545,31.3036942573383,54.3711630458438,0.000188397592864931,0.659944897498814,0.614530186755538,1.0394061892825,2.40000417380275
-6.86226506933051,"26070",8,0.000216742759221233,34.2691420316579,"Bikoro",39.0837206867545,31.3036942573383,54.3711630458438,0.000216742759221233,0.759236229310087,0.614530186755538,1.0394061892825,2.40000417380275
-6.79225369801819,"26071",8,0.000226828749873675,34.9261795410195,"Bikoro",39.0837206867545,31.3036942573383,54.3711630458438,0.000226828749873675,0.794566819080796,0.614530186755538,1.0394061892825,2.40000417380275
-7.03512588766925,"26399",8,0.00029746102518402,39.1299258561892,"Bikoro",39.0837206867545,31.3036942573383,54.3711630458438,0.00029746102518402,1.04198722918769,0.614530186755538,1.0394061892825,2.40000417380275
-6.79697987605666,"26400",8,0.000312776362989098,39.9456011139432,"Bikoro",39.0837206867545,31.3036942573383,54.3711630458438,0.000312776362989098,1.09563589255028,0.614530186755538,1.0394061892825,2.40000417380275
-6.91661181932861,"26401",8,0.000269752345047891,37.5515572682995,"Bikoro",39.0837206867545,31.3036942573383,54.3711630458438,0.000269752345047891,0.944925468502804,0.614530186755538,1.0394061892825,2.40000417380275
-6.81505462312872,"26402",8,0.000251645862590522,36.5005436808914,"Bikoro",39.0837206867545,31.3036942573383,54.3711630458438,0.000251645862590522,0.881499601284003,0.614530186755538,1.0394061892825,2.40000417380275
-6.77596675884198,"26731",8,0.000440397881902754,45.9205455907768,"Bikoro",39.0837206867545,31.3036942573383,54.3711630458438,0.000440397881902754,1.54268603229648,0.614530186755538,1.0394061892825,2.40000417380275
-6.25574695440216,"26732",8,0.00063405919354409,52.8430040754339,"Bikoro",39.0837206867545,31.3036942573383,54.3711630458438,0.00063405919354409,2.22106940501959,0.614530186755538,1.0394061892825,2.40000417380275
-6.91741572141719,"26733",8,0.000295987381832674,39.0375155173197,"Bikoro",39.0837206867545,31.3036942573383,54.3711630458438,0.000295987381832674,1.0368251493773,0.614530186755538,1.0394061892825,2.40000417380275
-7.16080554381092,"26734",8,0.000239517365116626,35.7520199360492,"Bikoro",39.0837206867545,31.3036942573383,54.3711630458438,0.000239517365116626,0.839014238809318,0.614530186755538,1.0394061892825,2.40000417380275
-6.63644896200958,"27063",8,0.000531321915332228,49.4595535350125,"Bikoro",39.0837206867545,31.3036942573383,54.3711630458438,0.000531321915332228,1.86118719257836,0.614530186755538,1.0394061892825,2.40000417380275
-6.91353211206229,"27064",8,0.000371804984752089,42.9018078543758,"Bikoro",39.0837206867545,31.3036942573383,54.3711630458438,0.000371804984752089,1.30240943538849,0.614530186755538,1.0394061892825,2.40000417380275
-3.55156234410954,"24461",9,0.0141849303618073,97.0798332914316,"Beni",97.0798332914316,89.9285052009187,98.6449563973885,0.0141849303618073,49.6889173120286,17.4652695430692,49.6889173120286,76.0309202577339
-3.50460410407069,"24462",9,0.0169061087071896,97.8114151408014,"Beni",97.0798332914316,89.9285052009187,98.6449563973885,0.0169061087071896,59.2210336034864,17.4652695430692,49.6889173120286,76.0309202577339
-4.5843122153051,"24793",9,0.00498589314520359,89.9285052009187,"Beni",97.0798332914316,89.9285052009187,98.6449563973885,0.00498589314520359,17.4652695430692,17.4652695430692,49.6889173120286,76.0309202577339
-3.49621224800423,"24794",9,0.0152603844180703,97.394028443582,"Beni",97.0798332914316,89.9285052009187,98.6449563973885,0.0152603844180703,53.4561651103271,17.4652695430692,49.6889173120286,76.0309202577339
-3.0954157587947,"24795",9,0.0217049065977335,98.6449563973885,"Beni",97.0798332914316,89.9285052009187,98.6449563973885,0.0217049065977335,76.0309202577339,17.4652695430692,49.6889173120286,76.0309202577339
-3.44387827521265,"24796",9,0.0146288797259331,97.2122881104754,"Beni",97.0798332914316,89.9285052009187,98.6449563973885,0.0146288797259331,51.244043962785,17.4652695430692,49.6889173120286,76.0309202577339
-4.0777073195245,"25125",9,0.00885698758065701,94.5400891448828,"Beni",97.0798332914316,89.9285052009187,98.6449563973885,0.00885698758065701,31.0254694456502,17.4652695430692,49.6889173120286,76.0309202577339
-3.79375811924758,"25126",9,0.0105154840275645,95.5538305622621,"Beni",97.0798332914316,89.9285052009187,98.6449563973885,0.0105154840275645,36.8350780028106,17.4652695430692,49.6889173120286,76.0309202577339
-3.87147523688604,"25127",9,0.0121277263388038,96.2958855833702,"Beni",97.0798332914316,89.9285052009187,98.6449563973885,0.0121277263388038,42.4826612370447,17.4652695430692,49.6889173120286,76.0309202577339
-6.10648086269581,"25736",9,0.00226136739365757,79.3555302965954,"Bikoro",65.1238760592653,57.3812758172298,79.3555302965954,0.00226136739365757,7.92142749872841,2.77936902194184,3.99129087045302,7.92142749872841
-6.78849900951961,"25738",9,0.00123623292893171,66.9734689917036,"Bikoro",65.1238760592653,57.3812758172298,79.3555302965954,0.00123623292893171,4.33044605911397,2.77936902194184,3.99129087045302,7.92142749872841
-6.90431289546984,"25739",9,0.00109248736407608,64.1940740330242,"Bikoro",65.1238760592653,57.3812758172298,79.3555302965954,0.00109248736407608,3.82691440235564,2.77936902194184,3.99129087045302,7.92142749872841
-6.08448049698296,"26067",9,0.00203612656332552,77.4176854905383,"Bikoro",65.1238760592653,57.3812758172298,79.3555302965954,0.00203612656332552,7.13242306175242,2.77936902194184,3.99129087045302,7.92142749872841
-6.6959883466401,"26068",9,0.00129202846437693,67.9816657887509,"Bikoro",65.1238760592653,57.3812758172298,79.3555302965954,0.00129202846437693,4.52589430428705,2.77936902194184,3.99129087045302,7.92142749872841
-7.05214051790378,"26069",9,0.000934499490540475,60.8137038372413,"Bikoro",65.1238760592653,57.3812758172298,79.3555302965954,0.000934499490540475,3.27349283565197,2.77936902194184,3.99129087045302,7.92142749872841
-6.86226506933051,"26070",9,0.00114020914770663,65.1385076962527,"Bikoro",65.1238760592653,57.3812758172298,79.3555302965954,0.00114020914770663,3.99408080362225,2.77936902194184,3.99129087045302,7.92142749872841
-6.79225369801819,"26071",9,0.00119470444042236,66.1836686288471,"Bikoro",65.1238760592653,57.3812758172298,79.3555302965954,0.00119470444042236,4.18497438043792,2.77936902194184,3.99129087045302,7.92142749872841
-7.03512588766925,"26399",9,0.000895190984010696,59.8751228288077,"Bikoro",65.1238760592653,57.3812758172298,79.3555302965954,0.000895190984010696,3.13579761397669,2.77936902194184,3.99129087045302,7.92142749872841
-6.79697987605666,"26400",9,0.00113861623685807,65.1092444222779,"Bikoro",65.1238760592653,57.3812758172298,79.3555302965954,0.00113861623685807,3.98850093728378,2.77936902194184,3.99129087045302,7.92142749872841
-6.91661181932861,"26401",9,0.00105776626151055,63.4843626305197,"Bikoro",65.1238760592653,57.3812758172298,79.3555302965954,0.00105776626151055,3.70528856773003,2.77936902194184,3.99129087045302,7.92142749872841
-6.81505462312872,"26402",9,0.00114479125477374,65.2287617938802,"Bikoro",65.1238760592653,57.3812758172298,79.3555302965954,0.00114479125477374,4.01013163597497,2.77936902194184,3.99129087045302,7.92142749872841
-6.77596675884198,"26731",9,0.00107507011853158,63.8499995379732,"Bikoro",65.1238760592653,57.3812758172298,79.3555302965954,0.00107507011853158,3.76590288861611,2.77936902194184,3.99129087045302,7.92142749872841
-6.25574695440216,"26732",9,0.00187943689525127,75.8377767303624,"Bikoro",65.1238760592653,57.3812758172298,79.3555302965954,0.00187943689525127,6.58354902698426,2.77936902194184,3.99129087045302,7.92142749872841
-6.91741572141719,"26733",9,0.00104104576166719,63.1442925834863,"Bikoro",65.1238760592653,57.3812758172298,79.3555302965954,0.00104104576166719,3.64671771028194,2.77936902194184,3.99129087045302,7.92142749872841
-7.16080554381092,"26734",9,0.000793439627159387,57.3812758172298,"Bikoro",65.1238760592653,57.3812758172298,79.3555302965954,0.000793439627159387,2.77936902194184,2.77936902194184,3.99129087045302,7.92142749872841
-6.63644896200958,"27063",9,0.00127947772853076,67.7632693545601,"Bikoro",65.1238760592653,57.3812758172298,79.3555302965954,0.00127947772853076,4.48192986739816,2.77936902194184,3.99129087045302,7.92142749872841
-6.91353211206229,"27064",9,0.00101922440808266,62.6853212337764,"Bikoro",65.1238760592653,57.3812758172298,79.3555302965954,0.00101922440808266,3.5702788835664,2.77936902194184,3.99129087045302,7.92142749872841
-3.55156234410954,"24461",10,0.0235243365168571,98.8454868327315,"Beni",98.6803803606212,94.21819313116,99.5518098561441,0.0235243365168571,82.4042686281835,29.5925118131752,77.1696615658735,123.804663345474
-3.50460410407069,"24462",10,0.0353431031107903,99.5518098561441,"Beni",98.6803803606212,94.21819313116,99.5518098561441,0.0353431031107903,123.804663345474,29.5925118131752,77.1696615658735,123.804663345474
-4.5843122153051,"24793",10,0.00844791438430548,94.21819313116,"Beni",98.6803803606212,94.21819313116,99.5518098561441,0.00844791438430548,29.5925118131752,29.5925118131752,77.1696615658735,123.804663345474
-3.49621224800423,"24794",10,0.0271075926721096,99.1390436758681,"Beni",98.6803803606212,94.21819313116,99.5518098561441,0.0271075926721096,94.9561891709553,29.5925118131752,77.1696615658735,123.804663345474
-3.0954157587947,"24795",10,0.0338602960109711,99.4954395494347,"Beni",98.6803803606212,94.21819313116,99.5518098561441,0.0338602960109711,118.610483501562,29.5925118131752,77.1696615658735,123.804663345474
-3.44387827521265,"24796",10,0.0220299884676933,98.6803803606212,"Beni",98.6803803606212,94.21819313116,99.5518098561441,0.0220299884676933,77.1696615658735,29.5925118131752,77.1696615658735,123.804663345474
-4.0777073195245,"25125",10,0.0152533790096641,97.3927963057304,"Beni",98.6803803606212,94.21819313116,99.5518098561441,0.0152533790096641,53.4316256060675,29.5925118131752,77.1696615658735,123.804663345474
-3.79375811924758,"25126",10,0.0152146816253662,97.3820150995292,"Beni",98.6803803606212,94.21819313116,99.5518098561441,0.0152146816253662,53.2960711070659,29.5925118131752,77.1696615658735,123.804663345474
-3.87147523688604,"25127",10,0.0169371254742146,97.8188079679108,"Beni",98.6803803606212,94.21819313116,99.5518098561441,0.0169371254742146,59.3296833841114,29.5925118131752,77.1696615658735,123.804663345474
-6.10648086269581,"25736",10,0.00215178821235895,78.4619223197441,"Bikoro",61.1579323495237,54.8073398452997,78.4619223197441,0.00215178821235895,7.53757853085989,2.45236797537582,3.32711692933342,7.53757853085989
-6.78849900951961,"25738",10,0.000937976932618767,60.8910204874273,"Bikoro",61.1579323495237,54.8073398452997,78.4619223197441,0.000937976932618767,3.28567409615014,2.45236797537582,3.32711692933342,7.53757853085989
-6.90431289546984,"25739",10,0.000890589493792504,59.7725473526645,"Bikoro",61.1579323495237,54.8073398452997,78.4619223197441,0.000890589493792504,3.11967888366699,2.45236797537582,3.32711692933342,7.53757853085989
-6.08448049698296,"26067",10,0.00205057836137712,77.550448344045,"Bikoro",61.1579323495237,54.8073398452997,78.4619223197441,0.00205057836137712,7.18304679976733,2.45236797537582,3.32711692933342,7.53757853085989
-6.6959883466401,"26068",10,0.00114700046833605,65.2706544808336,"Bikoro",61.1579323495237,54.8073398452997,78.4619223197441,0.00114700046833605,4.01787037188853,2.45236797537582,3.32711692933342,7.53757853085989
-7.05214051790378,"26069",10,0.000720721378456801,55.4006142208307,"Bikoro",61.1579323495237,54.8073398452997,78.4619223197441,0.000720721378456801,2.52464157847218,2.45236797537582,3.32711692933342,7.53757853085989
-6.86226506933051,"26070",10,0.000739447015803307,55.9282772557656,"Bikoro",61.1579323495237,54.8073398452997,78.4619223197441,0.000739447015803307,2.59023630625673,2.45236797537582,3.32711692933342,7.53757853085989
-6.79225369801819,"26071",10,0.000755712564568967,56.3638379862957,"Bikoro",61.1579323495237,54.8073398452997,78.4619223197441,0.000755712564568967,2.64721349874459,2.45236797537582,3.32711692933342,7.53757853085989
-7.03512588766925,"26399",10,0.000761824194341898,56.5314087341092,"Bikoro",61.1579323495237,54.8073398452997,78.4619223197441,0.000761824194341898,2.66862215276566,2.45236797537582,3.32711692933342,7.53757853085989
-6.79697987605666,"26400",10,0.00103953818324953,63.1141052061229,"Bikoro",61.1579323495237,54.8073398452997,78.4619223197441,0.00103953818324953,3.6414367580724,2.45236797537582,3.32711692933342,7.53757853085989
-6.91661181932861,"26401",10,0.000754126347601414,56.3210211959536,"Bikoro",61.1579323495237,54.8073398452997,78.4619223197441,0.000754126347601414,2.64165708064952,2.45236797537582,3.32711692933342,7.53757853085989
-6.81505462312872,"26402",10,0.000920774065889418,60.4813346517803,"Bikoro",61.1579323495237,54.8073398452997,78.4619223197441,0.000920774065889418,3.22541353789277,2.45236797537582,3.32711692933342,7.53757853085989
-6.77596675884198,"26731",10,0.00109876529313624,64.3203681628101,"Bikoro",61.1579323495237,54.8073398452997,78.4619223197441,0.00109876529313624,3.84890559230191,2.45236797537582,3.32711692933342,7.53757853085989
-6.25574695440216,"26732",10,0.00174860109109432,74.3921709960077,"Bikoro",61.1579323495237,54.8073398452997,78.4619223197441,0.00174860109109432,6.12523944855221,2.45236797537582,3.32711692933342,7.53757853085989
-6.91741572141719,"26733",10,0.000961638696026057,61.4248442116201,"Bikoro",61.1579323495237,54.8073398452997,78.4619223197441,0.000961638696026057,3.3685597625167,2.45236797537582,3.32711692933342,7.53757853085989
-7.16080554381092,"26734",10,0.000700089090969414,54.8073398452997,"Bikoro",61.1579323495237,54.8073398452997,78.4619223197441,0.000700089090969414,2.45236797537582,2.45236797537582,3.32711692933342,7.53757853085989
-6.63644896200958,"27063",10,0.0015163536882028,71.4014643957841,"Bikoro",61.1579323495237,54.8073398452997,78.4619223197441,0.0015163536882028,5.31169142936126,2.45236797537582,3.32711692933342,7.53757853085989
-6.91353211206229,"27064",10,0.00104885536711663,63.3041624697275,"Bikoro",61.1579323495237,54.8073398452997,78.4619223197441,0.00104885536711663,3.674074266114,2.45236797537582,3.32711692933342,7.53757853085989
-3.55156234410954,"24461",11,0.0717275440692902,99.9507144855899,"Beni",99.9260717285585,99.0330798206331,99.9873705866741,0.0717275440692902,251.257067560234,90.1756379718265,223.744035686919,357.512455481931
-3.50460410407069,"24462",11,0.0638732686638832,99.9260717285585,"Beni",99.9260717285585,99.0330798206331,99.9873705866741,0.0638732686638832,223.744035686919,90.1756379718265,223.744035686919,357.512455481931
-4.5843122153051,"24793",11,0.0257428660988808,99.0330798206331,"Beni",99.9260717285585,99.0330798206331,99.9873705866741,0.0257428660988808,90.1756379718265,90.1756379718265,223.744035686919,357.512455481931
-3.49621224800423,"24794",11,0.0691496282815933,99.9436296929434,"Beni",99.9260717285585,99.0330798206331,99.9873705866741,0.0691496282815933,242.22679098185,90.1756379718265,223.744035686919,357.512455481931
-3.0954157587947,"24795",11,0.10206077247858,99.9873705866741,"Beni",99.9260717285585,99.0330798206331,99.9873705866741,0.10206077247858,357.512455481931,90.1756379718265,223.744035686919,357.512455481931
-3.44387827521265,"24796",11,0.064882330596447,99.9294601076503,"Beni",99.9260717285585,99.0330798206331,99.9873705866741,0.064882330596447,227.278716059046,90.1756379718265,223.744035686919,357.512455481931
-4.0777073195245,"25125",11,0.0419377163052559,99.7224609485865,"Beni",99.9260717285585,99.0330798206331,99.9873705866741,0.0419377163052559,146.905177860997,90.1756379718265,223.744035686919,357.512455481931
-3.79375811924758,"25126",11,0.0566411726176739,99.8881834896227,"Beni",99.9260717285585,99.0330798206331,99.9873705866741,0.0566411726176739,198.410458907416,90.1756379718265,223.744035686919,357.512455481931
-3.87147523688604,"25127",11,0.04326506331563,99.7477197745437,"Beni",99.9260717285585,99.0330798206331,99.9873705866741,0.04326506331563,151.554790806608,90.1756379718265,223.744035686919,357.512455481931
-6.10648086269581,"25736",11,0.00316692376509309,84.6497186103294,"Bikoro",71.4267232217413,63.0281635909758,84.6497186103294,0.00316692376509309,11.0935344117656,3.6283942333992,5.31749986509845,11.0935344117656
-6.78849900951961,"25738",11,0.00152593071106821,71.5348433182165,"Bikoro",71.4267232217413,63.0281635909758,84.6497186103294,0.00152593071106821,5.34523913704238,3.6283942333992,5.31749986509845,11.0935344117656
-6.90431289546984,"25739",11,0.00137090601492673,69.2479954657022,"Bikoro",71.4267232217413,63.0281635909758,84.6497186103294,0.00137090601492673,4.80219739405035,3.6283942333992,5.31749986509845,11.0935344117656
-6.08448049698296,"26067",11,0.00312178768217564,84.4538086919298,"Bikoro",71.4267232217413,63.0281635909758,84.6497186103294,0.00312178768217564,10.9354255571806,3.6283942333992,5.31749986509845,11.0935344117656
-6.6959883466401,"26068",11,0.00177208462264389,74.6635493578161,"Bikoro",71.4267232217413,63.0281635909758,84.6497186103294,0.00177208462264389,6.20750077995098,3.6283942333992,5.31749986509845,11.0935344117656
-7.05214051790378,"26069",11,0.00128714274615049,67.9009607594731,"Bikoro",71.4267232217413,63.0281635909758,84.6497186103294,0.00128714274615049,4.50877994117275,3.6283942333992,5.31749986509845,11.0935344117656
-6.86226506933051,"26070",11,0.00151009298861027,71.318603125266,"Bikoro",71.4267232217413,63.0281635909758,84.6497186103294,0.00151009298861027,5.28976059315452,3.6283942333992,5.31749986509845,11.0935344117656
-6.79225369801819,"26071",11,0.0015839806292206,72.3169428195007,"Bikoro",71.4267232217413,63.0281635909758,84.6497186103294,0.0015839806292206,5.54858434279753,3.6283942333992,5.31749986509845,11.0935344117656
-7.03512588766925,"26399",11,0.00113330199383199,64.9931154297675,"Bikoro",71.4267232217413,63.0281635909758,84.6497186103294,0.00113330199383199,3.96988547879624,3.6283942333992,5.31749986509845,11.0935344117656
-6.79697987605666,"26400",11,0.00160557602066547,72.6031068355279,"Bikoro",71.4267232217413,63.0281635909758,84.6497186103294,0.00160557602066547,5.62423163837494,3.6283942333992,5.31749986509845,11.0935344117656
-6.91661181932861,"26401",11,0.00138264277484268,69.4325081089748,"Bikoro",71.4267232217413,63.0281635909758,84.6497186103294,0.00138264277484268,4.84331052454163,3.6283942333992,5.31749986509845,11.0935344117656
-6.81505462312872,"26402",11,0.00158221868332475,72.2996928895787,"Bikoro",71.4267232217413,63.0281635909758,84.6497186103294,0.00158221868332475,5.54241235733873,3.6283942333992,5.31749986509845,11.0935344117656
-6.77596675884198,"26731",11,0.00144745723810047,70.4225308727115,"Bikoro",71.4267232217413,63.0281635909758,84.6497186103294,0.00144745723810047,5.07035150558945,3.6283942333992,5.31749986509845,11.0935344117656
-6.25574695440216,"26732",11,0.00249760504812002,81.0697420825924,"Bikoro",71.4267232217413,63.0281635909758,84.6497186103294,0.00249760504812002,8.74895311775986,3.6283942333992,5.31749986509845,11.0935344117656
-6.91741572141719,"26733",11,0.00134396262001246,68.8142829419495,"Bikoro",71.4267232217413,63.0281635909758,84.6497186103294,0.00134396262001246,4.70781637927955,3.6283942333992,5.31749986509845,11.0935344117656
-7.16080554381092,"26734",11,0.00103581487201154,63.0281635909758,"Bikoro",71.4267232217413,63.0281635909758,84.6497186103294,0.00103581487201154,3.6283942333992,3.6283942333992,5.31749986509845,11.0935344117656
-6.63644896200958,"27063",11,0.00178991234861314,74.8711645858056,"Bikoro",71.4267232217413,63.0281635909758,84.6497186103294,0.00178991234861314,6.26995018075544,3.6283942333992,5.31749986509845,11.0935344117656
-6.91353211206229,"27064",11,0.00139763823244721,69.6604536115153,"Bikoro",71.4267232217413,63.0281635909758,84.6497186103294,0.00139763823244721,4.89583866771627,3.6283942333992,5.31749986509845,11.0935344117656
-3.55156234410954,"24461",12,0.0840431377291679,99.9741251047697,"Beni",99.9577992782364,99.3478910417092,99.9953794827093,0.0840431377291679,294.397816186105,106.245398562213,261.222389944636,441.055315349497
-3.50460410407069,"24462",12,0.0780185088515282,99.9667322776603,"Beni",99.9577992782364,99.3478910417092,99.9953794827093,0.0780185088515282,273.293920819602,106.245398562213,261.222389944636,441.055315349497
-4.5843122153051,"24793",12,0.0303303766995668,99.3478910417092,"Beni",99.9577992782364,99.3478910417092,99.9953794827093,0.0303303766995668,106.245398562213,106.245398562213,261.222389944636,441.055315349497
-3.49621224800423,"24794",12,0.0851775482296944,99.97628134601,"Beni",99.9577992782364,99.3478910417092,99.9953794827093,0.0851775482296944,298.371584694008,106.245398562213,261.222389944636,441.055315349497
-3.0954157587947,"24795",12,0.125910148024559,99.9953794827093,"Beni",99.9577992782364,99.3478910417092,99.9953794827093,0.125910148024559,441.055315349497,106.245398562213,261.222389944636,441.055315349497
-3.44387827521265,"24796",12,0.074572391808033,99.9577992782364,"Beni",99.9577992782364,99.3478910417092,99.9953794827093,0.074572391808033,261.222389944636,106.245398562213,261.222389944636,441.055315349497
-4.0777073195245,"25125",12,0.0472845882177353,99.8028579434015,"Beni",99.9577992782364,99.3478910417092,99.9953794827093,0.0472845882177353,165.63493328176,106.245398562213,261.222389944636,441.055315349497
-3.79375811924758,"25126",12,0.0637654811143875,99.9251476251698,"Beni",99.9577992782364,99.3478910417092,99.9953794827093,0.0637654811143875,223.366462692371,106.245398562213,261.222389944636,441.055315349497
-3.87147523688604,"25127",12,0.0493185110390186,99.829964976136,"Beni",99.9577992782364,99.3478910417092,99.9953794827093,0.0493185110390186,172.759636773989,106.245398562213,261.222389944636,441.055315349497
-6.10648086269581,"25736",12,0.00402721390128136,87.6934071381705,"Bikoro",80.1624265721424,72.0116806667742,90.6948949445953,0.00402721390128136,14.1070765548069,5.46716307020584,8.29496902659319,18.9595449437323
-6.78849900951961,"25738",12,0.0018710020231083,75.7521431496783,"Bikoro",80.1624265721424,72.0116806667742,90.6948949445953,0.0018710020231083,6.55400220132073,5.46716307020584,8.29496902659319,18.9595449437323
-6.90431289546984,"25739",12,0.001560736913234,72.0116806667742,"Bikoro",80.1624265721424,72.0116806667742,90.6948949445953,0.001560736913234,5.46716307020584,5.46716307020584,8.29496902659319,18.9595449437323
-6.08448049698296,"26067",12,0.0054124710150063,90.6948949445953,"Bikoro",80.1624265721424,72.0116806667742,90.6948949445953,0.0054124710150063,18.9595449437323,5.46716307020584,8.29496902659319,18.9595449437323
-6.6959883466401,"26068",12,0.0026312367990613,81.8832610990916,"Bikoro",80.1624265721424,72.0116806667742,90.6948949445953,0.0026312367990613,9.21705672161404,5.46716307020584,8.29496902659319,18.9595449437323
-7.05214051790378,"26069",12,0.00164680182933807,73.1375466286464,"Bikoro",80.1624265721424,72.0116806667742,90.6948949445953,0.00164680182933807,5.76864304865371,5.46716307020584,8.29496902659319,18.9595449437323
-6.86226506933051,"26070",12,0.00194027903489769,76.4908097916946,"Bikoro",80.1624265721424,72.0116806667742,90.6948949445953,0.00194027903489769,6.79667520870435,5.46716307020584,8.29496902659319,18.9595449437323
-6.79225369801819,"26071",12,0.00192810653243214,76.3660558342231,"Bikoro",80.1624265721424,72.0116806667742,90.6948949445953,0.00192810653243214,6.75403569951652,5.46716307020584,8.29496902659319,18.9595449437323
-7.03512588766925,"26399",12,0.00241462723352015,80.5057309810361,"Bikoro",80.1624265721424,72.0116806667742,90.6948949445953,0.00241462723352015,8.4582870613732,5.46716307020584,8.29496902659319,18.9595449437323
-6.79697987605666,"26400",12,0.00263259699568152,81.8900378572752,"Bikoro",80.1624265721424,72.0116806667742,90.6948949445953,0.00263259699568152,9.22182140467322,5.46716307020584,8.29496902659319,18.9595449437323
-6.91661181932861,"26401",12,0.00224161404184997,79.1984327205202,"Bikoro",80.1624265721424,72.0116806667742,90.6948949445953,0.00224161404184997,7.85223275193955,5.46716307020584,8.29496902659319,18.9595449437323
-6.81505462312872,"26402",12,0.00224691466428339,79.2415575453251,"Bikoro",80.1624265721424,72.0116806667742,90.6948949445953,0.00224691466428339,7.8708004983492,5.46716307020584,8.29496902659319,18.9595449437323
-6.77596675884198,"26731",12,0.00349237164482474,85.9684141459723,"Bikoro",80.1624265721424,72.0116806667742,90.6948949445953,0.00349237164482474,12.2335578290748,5.46716307020584,8.29496902659319,18.9595449437323
-6.25574695440216,"26732",12,0.00540029210969806,90.6708682564897,"Bikoro",80.1624265721424,72.0116806667742,90.6948949445953,0.00540029210969806,18.9168830057899,5.46716307020584,8.29496902659319,18.9595449437323
-6.91741572141719,"26733",12,0.00232138088904321,79.8191221632487,"Bikoro",80.1624265721424,72.0116806667742,90.6948949445953,0.00232138088904321,8.13165099181317,5.46716307020584,8.29496902659319,18.9595449437323
-7.16080554381092,"26734",12,0.00180007587186992,74.9792846822809,"Bikoro",80.1624265721424,72.0116806667742,90.6948949445953,0.00180007587186992,6.30555236235407,5.46716307020584,8.29496902659319,18.9595449437323
-6.63644896200958,"27063",12,0.00431971065700054,88.4656495366421,"Bikoro",80.1624265721424,72.0116806667742,90.6948949445953,0.00431971065700054,15.1316742608414,5.46716307020584,8.29496902659319,18.9595449437323
-6.91353211206229,"27064",12,0.00293809222057462,83.5675935421879,"Bikoro",80.1624265721424,72.0116806667742,90.6948949445953,0.00293809222057462,10.2919519292335,5.46716307020584,8.29496902659319,18.9595449437323
